{"identifier":"5e76307b1c30f500134bf080","visibility":true,"category":{"_id":"59e10fa9e7b3ff4db5a24671","name":"Medical","description":"","__v":0,"$$mdSelectId":43},"runnable":true,"forkeable":true,"services":[{"type":"REST","scope":"BOTH","name":"corona","uri":"https://corona.lmao.ninja/countries","model":"Country","bodyParams":"","params":[],"eqMap":{"country":"country","cases":"cases","deaths":"deaths","recovered":"recovered"},"custom":{"headers":[],"method":"GET"},"returnType":"LIST","$$hashKey":"object:24370"},{"type":"REST","scope":"BOTH","name":"coronaW","uri":"https://corona.lmao.ninja/all","model":"World","bodyParams":"","params":[],"eqMap":{"cases":"cases","recovered":"recovered","deaths":"deaths"},"custom":{"headers":[],"method":"GET"},"returnType":"MODEL","$$hashKey":"object:24371"}],"constants":[],"type":"APP","description":"Esta app presenta la lista de síntomas, precauciones, números de contacto y número de casos, fallecidos y recuperados por país y a nivel mundial por la pandemia de COVID-19.","documentation":"# COVID-19 App\n\nEsta app presenta la lista de síntomas, precauciones, números de contacto y número de casos, fallecidos y recuperados por país y a nivel mundial por la pandemia de COVID-19.\n\n### Author\n\n* **Agustina Dinamarca** - *agustina.d@matrproject.com*","devices":[],"channels":[],"navigationBarStyle":{"textColor":"#FFFFFF","tintColor":"#FFFFFF","backgroundColor":"#0078c2","fontSize":18,"fontFamily":"Roboto-Regular"},"selectedThemeId":"59e10fabe7b3ff4db5a2469b","tags":[{"_id":"5e7a16d21c30f500134c07f8","name":"coronavirus","__v":0,"$$hashKey":"object:23513"},{"_id":"5e7a16d21c30f500134c07f7","name":"covid-19","__v":0,"$$hashKey":"object:23514"}],"standaloneAppProperties":{"appName":{"platform":"ALL","value":"Coronavirus"},"packageName":{"platform":"ALL","value":"com.agustinad.coronavirus"},"unhandledException":{"platform":"ALL","value":0},"andFirebaseApiKey":{"platform":"ANDROID","value":null},"andFirebaseAppId":{"platform":"ANDROID","value":null},"iosFirebaseApiKey":{"platform":"IOS","value":null},"iosFirebaseAppId":{"platform":"IOS","value":null},"iosFirebaseGCMSenderId":{"platform":"IOS","value":null},"firebaseDatabaseUrl":{"platform":"ALL","value":null}},"standalone":false}